model_name,provider,model_id,prompt_name,product_id,dimension,llm_score,reason
claude_46_opus,anthropic,claude-opus-4-6,base_cot,1,cognitive,3.0,"The Nest Thermostat presents significant cognitive demands. Initial setup requires multiple complex steps: account creation, Wi-Fi pairing, compatibility checks, and potentially electrical wiring. Navigating the app for advanced settings involves understanding nested menus and technical concepts like scheduling algorithms and energy reports. The minimal physical interface (a simple rotating dial) helps for basic temperature adjustment, but most functionality requires app interaction, which can be cognitively overwhelming. Learning the 'smart' features (auto-scheduling, home/away detection) adds another layer of cognitive load, as users must understand and trust automated behaviors. The reliance on voice control (Google Assistant) also requires remembering specific commands. Overall, the product demands considerable cognitive effort for setup, configuration, and full utilization of features. | The Nest Thermostat presents significant cognitive demands. Initial setup requires multiple complex steps: account creation, Wi-Fi pairing, compatibility checks, and potentially electrical wiring. Navigating the app for advanced settings involves understanding menus, schedules, and energy features. The minimal physical interface means users must rely on digital interfaces which can be cognitively taxing. Learning algorithms may cause confusion when the thermostat adjusts automatically. While voice control simplifies some interactions, configuring it adds another layer of complexity. The multi-step onboarding process and reliance on app-based controls make this product challenging for users with cognitive disabilities. | The Nest Thermostat presents significant cognitive demands. Initial setup requires multiple complex steps: account creation, Wi-Fi pairing, compatibility checks, and potentially electrical wiring. Navigating the app for advanced settings involves understanding menus, schedules, and energy features. The minimal physical controls on the device itself mean users must rely on app or voice interfaces, which require learning and memory. The learning algorithm, while intended to simplify use over time, can initially confuse users who don't understand why temperature settings change automatically. Multiple cognitive steps are needed for troubleshooting connectivity or HVAC compatibility issues. While voice control can reduce some cognitive load once set up, the overall setup complexity, reliance on digital interfaces, and abstract concepts like scheduling and eco modes make this product challenging for users with cognitive disabilities."
claude_46_opus,anthropic,claude-opus-4-6,base_cot,1,physical,3.0,"The Nest Thermostat presents significant physical accessibility challenges. While it offers voice control as an alternative input method, the device itself has a minimal tactile interface (a smooth rotating ring with no distinct tactile markers), making it difficult for users with limited dexterity or visual impairments to operate directly. Installation requires physical wiring and mounting, which demands fine motor skills and physical effort. The small on-device display and touch-sensitive surface lack tactile feedback. Account setup, Wi-Fi pairing, and app navigation for advanced settings add complexity but are more cognitive/digital concerns. On the purely physical dimension, the combination of challenging installation requirements, minimal tactile differentiation on the device, and reliance on a small rotating bezel with limited physical feedback results in a below-average accessibility score. | The Nest Thermostat presents significant physical accessibility challenges. While it offers voice control as an alternative input method, the device itself has a minimal tactile interface (a smooth rotating ring with no distinct tactile markers), making it difficult for users with limited dexterity or visual impairments to operate directly. Installation requires physical wiring and mounting, which demands fine motor skills and physical effort. The small on-device display and touch-sensitive surface lack tactile feedback. Initial setup involves multiple physical steps including Wi-Fi pairing and app navigation on a smartphone, which adds further physical interaction demands. The reliance on app-based controls for advanced settings means users must be able to physically interact with a smartphone. Voice control via Google Assistant partially mitigates these issues but is not a complete substitute for all functions. Overall, the product poses moderate-to-high physical accessibility barriers. | The Nest Thermostat presents significant physical accessibility challenges. While it offers voice control as an alternative input method, the device itself has a minimal tactile interface (a smooth rotating ring with no distinct tactile markers), making it difficult for users with limited dexterity or visual impairments to operate directly. Installation requires physical wiring and mounting, which demands fine motor skills and physical effort. The small on-device display and touch-sensitive surface lack tactile feedback. Initial setup involves multiple physical steps including Wi-Fi pairing and app navigation on a smartphone, which adds further physical interaction demands. The reliance on app-based control for advanced settings means users must be able to physically interact with a smartphone. Voice control via Google Assistant partially mitigates these issues but is not a complete substitute for all functions. Overall, the product poses moderate-to-high physical accessibility barriers."
claude_46_opus,anthropic,claude-opus-4-6,base_cot,2,cognitive,4.0,"The Philips Hue Starter Kit presents moderate cognitive demands. While basic functionality is preserved through physical switches (lowering the floor), the full feature set requires multiple cognitive steps: understanding bridge setup and network configuration, navigating mobile app onboarding, creating an account and linking services, learning app logic for scenes and automations, and potentially configuring voice assistants. Each layer adds cognitive load. The bridge as an intermediary device is an extra conceptual and physical setup step that many users find confusing. However, once configured, voice control can simplify daily use, and the physical switches provide a familiar fallback. The mix of accessible basics with complex advanced features places it in the middle of the scale. | The Philips Hue Starter Kit presents moderate cognitive demands. While basic functionality is preserved through physical switches (lowering the floor for simple use), the full smart home experience requires multiple cognitive steps: understanding bridge setup and network configuration, navigating mobile app onboarding, creating an account and linking services, learning how to configure scenes and automations through app logic, and potentially setting up voice assistant integration. Each of these layers adds cognitive load. The bridge as an intermediary device is an extra conceptual and physical step that many users find confusing. However, the app is relatively well-designed, voice control simplifies ongoing use once configured, and the fallback to physical switches ensures the lights remain usable even without mastering the smart features. The balance of accessible fallback with moderately complex smart setup places this at a 4 out of 7. | The Philips Hue Starter Kit presents moderate cognitive demands. While basic functionality is preserved through physical switches (lowering the floor), the full feature set requires multiple cognitive steps: understanding bridge setup and network configuration, navigating mobile app onboarding, creating an account and linking services, learning app logic for scenes and automations, and potentially configuring voice assistant integration. Each layer adds cognitive load. The bridge as an intermediary device is an extra conceptual and physical setup step that many users find confusing. However, once configured, daily use can be simplified through voice commands or saved routines, and the physical switches provide a familiar fallback. The mix of accessible basics with complex advanced features places this in the middle of the scale, leaning slightly toward more demanding."
claude_46_opus,anthropic,claude-opus-4-6,base_cot,2,physical,5.0,"The Philips Hue Starter Kit scores moderately well on physical accessibility. Physical switches still function for basic on/off control, meaning users with limited dexterity or mobility can operate lights without needing digital interfaces. However, the initial bridge setup requires physically connecting hardware (plugging in the bridge, connecting Ethernet), which involves fine motor skills and reaching behind routers. The bulbs themselves screw into standard sockets, which is straightforward. Voice assistant support is a strong positive for physical accessibility, allowing hands-free operation once configured. The main physical accessibility drawbacks are: (1) the bridge is a small device with small ports requiring precise cable insertion, (2) optional physical accessories like the Hue Dimmer Switch have small buttons, and (3) the reliance on a mobile app for advanced features means touchscreen dexterity is needed for setup and scene configuration. Overall, basic functionality is physically accessible, but full feature utilization requires moderate physical interaction with small devices and touchscreens. | The Philips Hue Starter Kit scores moderately well on physical accessibility. Physical switches still function for basic on/off control, meaning users with limited dexterity or mobility can operate lights without needing digital interfaces. However, the initial bridge setup requires physically connecting hardware (plugging in the bridge, connecting Ethernet), which involves fine motor skills and reaching behind routers. The bulbs themselves screw into standard sockets, which is straightforward. Voice assistant support is a strong positive for physical accessibility, allowing hands-free operation once configured. The main physical accessibility drawbacks are: (1) the bridge is a small device with small ports requiring precise physical manipulation during setup, (2) the optional Hue dimmer switch and smart button are small with relatively small buttons, and (3) advanced features like scenes and automation require sustained app interaction on a touchscreen, which can be challenging for users with motor impairments. Overall, basic functionality is physically accessible, but full feature utilization requires moderate physical dexterity. | The Philips Hue Starter Kit scores moderately well on physical accessibility. Physical switches still function for basic on/off control, meaning users with limited dexterity or mobility can operate lights without needing digital interfaces. However, the system requires physical setup of the Hue Bridge (plugging in, connecting to router), which involves handling small cables and ports. The bulbs themselves need to be screwed into fixtures, which is standard but can be challenging for users with limited grip strength or reach. Voice assistant support is a strong positive for physical accessibility, allowing hands-free control once configured. The main physical accessibility drawbacks are: (1) the bridge is a small device requiring precise cable connections, (2) initial setup is app-dependent which shifts burden away from physical but doesn't eliminate it, and (3) advanced features like scenes and automation are locked behind app interaction rather than physical controls. Overall, basic physical operation is preserved and voice control adds a good hands-free option, but the hardware setup and reliance on app for full functionality prevent a higher score."
claude_46_opus,anthropic,claude-opus-4-6,base_cot,3,cognitive,4.0,"The August Smart Lock presents moderate cognitive demands. While the core concept of locking/unlocking is straightforward, users must manage app-based controls, create and distribute temporary passcodes for guests, configure auto-lock settings, and handle notifications—all of which add cognitive load. Installation requires following multi-step instructions and potentially using tools. The multiple features (keypad, app access, temporary codes, auto-lock, notifications) increase the number of decisions and settings a user must understand and manage. However, the basic lock/unlock function remains intuitive, and the app provides guided setup, which partially offsets the complexity. Overall, it sits in the middle of the cognitive accessibility scale—not overly simple, but not prohibitively complex. | The August Smart Lock presents moderate cognitive demands. While the core concept of locking/unlocking is straightforward, users must manage app-based controls, create and distribute temporary passcodes for guests, configure auto-lock settings, and handle notifications—all of which add cognitive load. Installation requires following multi-step instructions and using tools. The multiple features (keypad, app access, temporary codes, auto-lock, notifications) increase the number of decisions and settings a user must understand and remember. However, once configured, daily use (lock/unlock) is relatively simple, which prevents a lower score. Overall, the product sits in the middle of the cognitive accessibility spectrum—usable but with notable complexity in setup and feature management. | The August Smart Lock presents moderate cognitive demands. While the core concept of locking/unlocking is straightforward, users must manage app-based controls, create and distribute temporary passcodes for guests, configure auto-lock settings, and handle notifications—all of which add cognitive load. Installation requires following multi-step instructions and using tools. The multiple features (keypad, app access, temporary codes, auto-lock, notifications) increase the number of decisions and settings a user must understand and remember. However, once configured, daily use (lock/unlock) is relatively simple, which prevents a lower score. Overall, the setup complexity and feature management place it at a moderate cognitive accessibility level."
claude_46_opus,anthropic,claude-opus-4-6,base_cot,3,physical,4.0,"The August Smart Lock offers keypad and app-based access, which reduces the need for physical key manipulation—a benefit for users with limited dexterity. However, the moderate installation requiring screwdriver use presents a physical barrier for some users. The device itself is relatively compact, but managing temporary passcodes, configuring auto-lock, and handling notifications adds layers of setup that may require fine motor skills (e.g., small buttons, phone interaction). The lock mechanism itself is generally easy to operate day-to-day once installed, but the initial physical installation and configuration complexity bring the score down to a middle range on the physical accessibility dimension. | The August Smart Lock requires moderate physical effort for installation, including the use of a screwdriver, which can be challenging for users with limited hand strength or dexterity. Once installed, the keypad and app-based access reduce daily physical demands (no key turning required), which is a positive. However, the initial setup complexity—including configuring notifications, auto-lock, and temporary passcodes—adds to the physical and cognitive burden. The keypad itself requires fine motor skills to press small buttons. Overall, it offers some accessibility benefits over traditional locks but still presents notable physical barriers during installation and occasional use. | The August Smart Lock requires moderate physical effort for installation, including the use of a screwdriver, which can be challenging for users with limited hand strength or dexterity. Once installed, the keypad and app-based access reduce daily physical demands (no key turning required), which is a positive. However, the initial setup complexity—including configuring notifications, auto-lock options, and temporary passcodes—adds to the physical and cognitive burden. The keypad itself requires fine motor skills to press small buttons. Overall, it offers some accessibility benefits over traditional locks but still presents notable physical barriers during installation and occasional use, placing it near the middle of the scale."
claude_46_opus,anthropic,claude-opus-4-6,up_cot,1,cognitive,2.0,"Setup demands are high: account creation, Wi-Fi pairing, app navigation, and potential wiring/compatibility checks require sustained attending, sequencing, organizing, and problem-solving—OTPF-4 process skills that are frequently impaired in older adults. Daily operation via voice is simpler, but adjusting schedules or troubleshooting connectivity issues requires navigating a multi-layered app interface, imposing significant learning, adapting, and decision-making demands. The disparity between relatively simple voice-based daily use and complex setup/troubleshooting phases introduces uncertainty, but the overall cognitive load across all phases—especially for older adults with mild cognitive changes—warrants a high demand rating. | Setup demands are high: account creation, Wi-Fi pairing, app navigation, and potential wiring/compatibility checks require sustained attending, sequencing, organizing, and problem-solving—OTPF-4 process skills that are frequently impaired in older adults. Daily operation via voice is simpler, but adjusting schedules or troubleshooting connectivity issues requires navigating a multi-layered app interface, imposing significant learning, adapting, and decision-making demands. The disparity between relatively simple voice-based daily use and complex setup/troubleshooting phases introduces uncertainty, but the overall cognitive load across all phases—especially for older adults with mild cognitive changes—warrants a high demand rating. | Setup demands are high: account creation, Wi-Fi pairing, app navigation, and potential wiring/compatibility checks require sustained attending, sequencing, organizing, and problem-solving—OTPF-4 process skills that are frequently impaired in older adults. Daily operation via voice is simpler, but adjusting schedules or troubleshooting connectivity issues requires navigating a multi-layered app interface, imposing significant learning, adapting, and decision-making demands. The disparity between relatively simple voice-based daily use and complex setup/troubleshooting phases introduces uncertainty, but the overall cognitive load across all phases—especially for older adults with mild cognitive changes—warrants a high demand rating."
claude_46_opus,anthropic,claude-opus-4-6,up_cot,1,physical,3.0,"Setup phase imposes moderate-to-high physical demand: installation may require reaching overhead to wall-mounted location, stabilizing the device while connecting wires, and fine motor manipulation (gripping small wire connectors, coordinating screwdriver use), which challenge OTPF-4 motor skills of reaching, gripping, manipulating, and coordinating—particularly problematic for older adults with reduced grip strength, upper-extremity ROM limitations, or decreased standing tolerance. Daily operation is physically minimal, relying primarily on voice or app control with only occasional light touch on the device face, placing low demand on positioning and manipulating. However, troubleshooting (e.g., resetting the unit, re-seating wiring, or repositioning the device on its base) reintroduces reaching, stabilizing, and fine motor coordination demands; because the installation/troubleshooting phases are physically significant and many older adults will encounter them at least once, the overall physical demand is scored as moderate (3), though uncertainty exists because professional installation would substantially reduce the physical burden. | Setup phase imposes moderate-to-high physical demand: installation may require reaching overhead to wall-mounted location, stabilizing the device while connecting wires, and fine motor manipulation of small wire connectors—challenging OTPF-4 motor skills of reaching, gripping, coordinating, and positioning for older adults with reduced upper-extremity strength or dexterity. Daily operation is physically minimal (voice control or app tap, occasional rotation of the device face), placing low demand on manipulating and coordinating. However, maintenance and troubleshooting (e.g., removing the display unit, checking wiring, resetting the device) again require grip strength, bilateral coordination, and sustained reaching at wall height. Averaging across all phases, the overall physical demand is moderate (score 3), though daily-use demand alone would score higher (easier); uncertainty exists because installation is often a one-time event and may be professionally performed, which would shift the effective score toward 4–5. | Setup phase imposes moderate-to-high physical demand: installation may require reaching overhead to wall-mounted location, stabilizing the device base, manipulating small wires (fine motor coordination, gripping, positioning), and sustained arm elevation—challenging for older adults with reduced shoulder ROM, grip strength, or standing tolerance. Daily operation is physically minimal, relying on voice or app control with only occasional rotating/pressing of the device face (light gripping, coordinating). Maintenance and troubleshooting may require reaching the wall unit, removing/reattaching the display, or resetting via small buttons, again engaging positioning, manipulating, and stabilizing skills per OTPF-4. The significant physical burden is front-loaded at installation; if professional installation is used, daily physical demand alone would warrant a score of 5–6, but scoring must account for the full device lifecycle, yielding an overall moderate demand rating of 3. Uncertainty exists regarding exact mounting height and whether the user self-installs versus hiring a professional."
claude_46_opus,anthropic,claude-opus-4-6,up_cot,2,cognitive,2.0,"Setup requires multi-step sequencing (bridge hardware connection, account creation, app pairing, and potential voice assistant linking), imposing high demands on OTPF-4 process skills of sequencing, organizing, and problem-solving. Daily operation can be simplified via physical switches or learned voice commands, but configuring scenes, automations, and troubleshooting connectivity issues (e.g., bridge offline, firmware updates) require sustained attending, navigating complex app menus, and adapting to errors—skills frequently impaired in older adults with mild cognitive decline. While routine use after full setup may approach moderate demand, the cumulative cognitive load across setup, customization, and troubleshooting phases warrants a high demand rating; some uncertainty exists regarding how much a caregiver or tech-savvy helper might offset initial setup burden. | Setup requires multi-step sequencing (bridge hardware connection, account creation, app pairing, and potential voice assistant linking), imposing high demands on OTPF-4 process skills of sequencing, organizing, and problem-solving. Daily operation can be simplified via physical switches or learned voice commands, but configuring scenes, automations, and troubleshooting connectivity issues (e.g., bridge offline, firmware updates) require sustained attending, navigating complex app menus, and adapting to errors—skills frequently impaired in older adults with mild cognitive decline. While routine use after full setup may approach moderate demand, the cumulative cognitive load across setup, customization, and troubleshooting phases warrants a high demand rating; some uncertainty exists regarding individual variability in prior technology experience. | Setup requires multi-step sequencing (bridge hardware connection, account creation, app pairing, and potential voice assistant linking), imposing high demands on OTPF-4 process skills of sequencing, organizing, and problem-solving. Daily operation via physical switches is low-demand, but creating scenes or automations requires navigating abstract app logic, sustained attending, and learning new digital interfaces—tasks that are cognitively taxing for many older adults. Troubleshooting connectivity issues between bridge, app, and cloud services further elevates demand on adapting and problem-solving skills; however, some uncertainty exists because users who rely solely on physical switches would experience substantially lower cognitive load, so the score reflects the full feature set as described."
claude_46_opus,anthropic,claude-opus-4-6,up_cot,2,physical,4.0,"Setup requires moderate physical actions: connecting the Hue Bridge to a router (reaching, positioning, coordinating cables), screwing in smart bulbs (gripping, manipulating, reaching overhead fixtures), and handling a smartphone for app onboarding. Daily operation is physically minimal if voice control is configured, as physical switches still function normally, requiring only basic reaching and pressing with low grip/coordination demand. Maintenance and troubleshooting may involve re-seating bulbs or repositioning the bridge, requiring reaching, stabilizing, and manipulating small connectors—manageable but not trivial for older adults with reduced upper-extremity strength or overhead reach limitations. Overall, OTPF-4 motor skills of gripping, reaching, positioning, and coordinating are engaged primarily during setup and occasional maintenance, placing this at low physical demand for routine use, though setup overhead reach for ceiling fixtures introduces some uncertainty depending on the user's home environment and mobility status. | Setup requires moderate physical actions: connecting the Hue Bridge to a router (reaching, positioning, coordinating cables), screwing in smart bulbs (gripping, manipulating, reaching overhead fixtures), and handling a smartphone for app onboarding (fine motor coordination for tapping/swiping). Daily operation physical demand is low—voice control or app taps require minimal motor effort, and existing physical switches still function, reducing reliance on fine motor digital interaction. Maintenance and troubleshooting may involve re-seating bulbs or resetting the bridge (reaching, gripping, manipulating small reset buttons), which adds intermittent demand. Overall, OTPF-4 motor skills of reaching, gripping, manipulating, and coordinating are engaged primarily during setup and occasional maintenance but are minimal during routine use, yielding a low-demand rating of 4. Some uncertainty exists regarding individual fixture heights and whether bulb replacement requires ladder use or sustained overhead reaching, which could increase demand for some older adults. | Setup requires moderate physical actions: connecting the Hue Bridge to a router (reaching behind furniture, manipulating Ethernet cable, stabilizing small connectors), screwing in smart bulbs (gripping, positioning, reaching overhead fixtures), and handling the dimmer switch mounting (coordinating adhesive strip or screw placement). Daily operation physical demand is low—voice control or app taps require minimal motor skills, and existing physical switches still function, reducing fine motor and coordination burden. Maintenance and troubleshooting may occasionally require reaching to reset the bridge or re-seat bulbs, involving overhead reaching, gripping, and manipulating small components. Under OTPF-4 motor skills, stabilizing, reaching, gripping, and coordinating are primarily challenged during setup and occasional maintenance rather than routine use, yielding an overall low physical demand rating. Some uncertainty exists regarding individual fixture heights and home layouts that could increase reaching and bending demands for specific users."
claude_46_opus,anthropic,claude-opus-4-6,up_cot,3,cognitive,2.0,"The August Smart Lock imposes high cognitive demand across multiple phases. Setup requires sequencing multi-step app pairing, configuring auto-lock settings, and generating temporary guest passcodes—taxing OTPF-4 process skills of sequencing, organizing, and learning new digital interfaces. Daily use involves attending to notifications, remembering passcode management procedures, and navigating between app-based and keypad-based access modes, while troubleshooting connectivity or lock malfunctions demands problem-solving and adapting to errors, which are particularly challenging for older adults with mild cognitive changes. Some uncertainty exists regarding the exact number of setup steps and whether the app provides simplified guidance, which could slightly moderate demand. | The August Smart Lock imposes high cognitive demand across multiple phases. Setup requires sequencing multi-step app pairing, configuring auto-lock settings, and generating temporary guest passcodes—taxing OTPF-4 process skills of sequencing, organizing, and learning new digital interfaces. Daily use involves attending to notifications, remembering passcode management procedures, and navigating between app-based and keypad-based access modes, while troubleshooting connectivity or lock malfunctions demands problem-solving and adapting to errors, which are particularly challenging for older adults with mild cognitive changes. Some uncertainty exists regarding the exact number of setup steps and whether the app provides simplified guidance, which could slightly moderate demand. | The August Smart Lock imposes high cognitive demand across multiple phases. Setup requires sequencing multi-step app pairing, Wi-Fi configuration, and configuring auto-lock/notification preferences, taxing OTPF-4 process skills of organizing, sequencing, and learning new digital interfaces. Daily use involves attending to app navigation or keypad entry, generating and managing temporary guest passcodes (placing demands on memory and problem-solving), and troubleshooting connectivity or battery alerts requires adapting to errors and initiating novel problem-solving—skills frequently diminished in older adults with mild cognitive changes. Some uncertainty exists regarding exact step counts, but the combination of app-based management, multiple configurable features, and guest-code administration collectively supports a high cognitive demand rating."
claude_46_opus,anthropic,claude-opus-4-6,up_cot,3,physical,2.6666666666666665,"Setup requires moderate physical demand: installing the lock involves screwdriver use, which demands fine motor manipulation, gripping, and coordinating tools at or above shoulder height on a door, challenging for older adults with reduced grip strength or upper extremity range of motion (OTPF-4: gripping, manipulating, positioning, reaching). Daily operation via keypad requires finger dexterity for pressing small buttons and stabilizing the hand at lock height, though app-based use reduces physical demand. Maintenance and troubleshooting may involve battery replacement requiring gripping and manipulating a small compartment, and potential re-mounting. Uncertainty exists regarding exact lock weight, mounting height variability, and battery compartment design, which could shift demand slightly higher or lower. | Setup requires moderate physical demand: installing the lock involves screwdriver use, which demands gripping, manipulating, and coordinating small hardware components, as well as sustained reaching and positioning at door height—tasks that challenge older adults with reduced grip strength, limited upper-extremity ROM, or decreased fine motor coordination (OTPF-4 motor skills: grips, coordinates, positions, stabilizes). Daily operation via keypad requires fine motor precision for pressing small buttons, though app-based use reduces physical demand. Maintenance and troubleshooting (e.g., battery replacement, re-calibration) add intermittent demands on manipulating small compartments and reaching the lock mechanism. Uncertainty exists regarding exact screw size, lock weight, and whether one- or two-handed installation is needed, which could shift the score toward higher demand for frail older adults. | Setup requires sustained gripping and manipulating a screwdriver to install the lock mechanism on a door, demanding bilateral coordination, stabilizing the device against the door, and precise positioning of small screws—tasks that challenge older adults with reduced grip strength, limited reach, or upper-extremity impairments per OTPF-4 motor skill domains. Daily operation via keypad requires fine motor coordination for pressing small buttons, and app-based use demands reaching for and manipulating a smartphone, though these are less demanding than installation. Maintenance and troubleshooting (battery replacement, recalibrating the lock, managing auto-lock/notification settings) add recurring physical demands including gripping, manipulating small components, and sustained positioning; however, some uncertainty exists regarding exact battery compartment design and force requirements, which could shift the score slightly."
openai_gpt5,openai,gpt-5,base_cot,1,cognitive,3.3333333333333335,"Voice and app control can make routine temperature changes simple, but cognitive load is high during setup (account creation, Wi‑Fi pairing, device linking) and potentially during installation with wiring/compatibility checks. Advanced settings require navigating the app and understanding multiple options, and minimal on‑device controls give limited fallback if voice/app are confusing. Overall moderate cognitive accessibility once configured, but onboarding is demanding. | Setup and configuration impose high cognitive load (account creation, Wi-Fi pairing, compatibility checks). Advanced settings require app navigation, which can be complex. Minimal on-device controls reduce immediate options but increase reliance on the app. Voice control helps for routine adjustments but doesn’t remove the initial and advanced-use complexity. | Setup requires account creation, Wi-Fi pairing, compatibility checks, and often wiring—high cognitive load. Advanced settings live in the app with nested menus; minimal on-device controls limit guidance. Learning/automation (schedules, Eco, Home/Away) can change temperatures unexpectedly and require understanding to adjust. Voice control simplifies basic commands, but overall cognitive accessibility is below average."
openai_gpt5,openai,gpt-5,base_cot,1,physical,4.666666666666667,"Hands-free control via voice and app minimizes reach, grip, and force requirements for daily use. However, the device’s minimal tactile/on-device controls (touch/precise gestures) can be difficult for users with limited dexterity, and initial installation involves wiring, small terminals, and mounting at wall height, which can pose significant physical barriers. Advanced settings often require fine motor interaction with a phone app. | Voice and app control enable hands-free daily use, reducing the need to reach or manipulate the device. However, the on-device controls are minimal and low-tactility (small touch targets/rotary ring), which can be difficult for users with limited dexterity, and installation with wiring and wall mounting can be physically demanding. | Voice and app control reduce the need to reach or perform fine motor tasks during everyday use. However, the wall unit has minimal tactile feedback and small touch/scroll controls that can be difficult to manipulate. Installation typically requires wiring, mounting, and handling small connectors, which pose significant physical barriers. Accessible once set up, but setup and on-device interaction present notable physical challenges."
openai_gpt5,openai,gpt-5,base_cot,2,cognitive,3.6666666666666665,"Bridge setup, network pairing, and account linking add multi-step onboarding and terminology (rooms/zones/scenes) that can be conceptually demanding. While everyday use can be simple via physical switches and voice commands, creating and maintaining scenes/automations and handling state mismatches (e.g., wall switch off disables smart control) introduce ongoing cognitive overhead. Overall moderate complexity with helpful fallbacks. | Guided app onboarding and voice control help, and physical switches still work, but full use demands Bridge setup plus account creation/linking and managing rooms/scenes/automations in the app—multiple abstract, multi-step tasks that raise cognitive load. | Physical switches allow simple use, and voice control can help, but full functionality relies on app concepts (scenes/automations), account creation and linking, and bridge setup—multiple abstract, multi-step tasks that raise cognitive load for setup and ongoing management."
openai_gpt5,openai,gpt-5,base_cot,2,physical,5.0,"Basic use remains physically accessible via existing wall switches and hands-free voice control. However, initial setup requires screwing in bulbs and connecting/pressing small buttons on a bridge near the router, which can be challenging for limited dexterity or mobility. Ongoing adjustments (scenes/automation) rely on a touchscreen app, and if a wall switch is off, smart control is disabled, potentially forcing physical toggling. | Basic control via existing wall switches is intact and bulbs install without wiring; the bridge’s pairing button is large and simple. However, installing bulbs may require reaching fixtures, the bridge must be physically connected to the router, and there’s no dedicated tactile control for scenes/automation—those rely on the app. | Voice control enables hands-free use and existing wall switches still provide basic on/off, which supports physical accessibility. However, initial setup is physically demanding (screwing in bulbs, reaching fixtures, accessing the router, and pressing a small bridge button). Ongoing scene/automation changes require fine motor interaction with a mobile app, and no dedicated accessible hardware remote is included. If a wall switch cuts power, smart control is lost, potentially requiring a physical trip to restore it."
openai_gpt5,openai,gpt-5,base_cot,3,cognitive,4.0,"Moderate cognitive load: installation and app-based setup require following multi-step instructions, choosing auto-lock/notification options, and managing temporary guest codes, which can be confusing for users with memory or executive-function challenges. Day-to-day use via keypad or app is relatively simple, and auto-lock can reduce ongoing burden once configured. | Multiple access methods (keypad and app) and auto-lock can reduce memory-related burdens, but managing temporary passcodes plus configuring notifications and auto-lock behaviors adds decision load, and the moderately involved installation can be cognitively demanding for some users. | Keypad entry is simple and auto-lock can reduce memory burden, but managing temporary passcodes, navigating the app, and configuring notifications/auto-lock add decision points and settings that increase cognitive load; moderate installation also requires following multi-step instructions."
openai_gpt5,openai,gpt-5,base_cot,3,physical,5.333333333333333,"Daily use is low‑effort: app control, auto‑lock/unlock, and an optional keypad reduce gripping, key insertion, and twisting; the interior knob is large and easy to turn. Physical barriers are mainly upfront and periodic—installation and battery changes need screwdriver use and fine motor/hand strength—so some users may require assistance. | Daily use can be largely hands-free (auto-unlock/auto-lock) or via a keypad/app, reducing the need to grip and turn a key or deadbolt. However, initial installation and occasional battery replacement require tools, fine motor control, and hand strength/alignment, and the small keypad buttons may be difficult for users with limited dexterity. Door handling still requires physical effort. | Keypad and app access reduce the need to handle small keys or turn a thumbturn, and auto-lock can minimize ongoing hand use. However, installation and battery replacement require tools, grip strength, and fine motor control, and the small keypad buttons may be challenging for some users."
openai_gpt5,openai,gpt-5,up_cot,1,cognitive,3.0,"Setup demands account creation, Wi‑Fi pairing, and compatibility checks, which tax OTPF‑4 process skills of sequencing, organizing, learning, navigating, and problem solving. Daily use via voice/minimal controls is low demand, but advanced settings require app navigation and decisions, and troubleshooting Wi‑Fi/password issues requires adapting to errors and searching/locating settings. Uncertainty: exact app flow and whether professional setup is used could meaningfully lower or raise the overall cognitive load. | Account setup, Wi‑Fi pairing, and app navigation (plus possible wiring/compatibility checks) require multi‑step sequencing, organizing, navigating, inquiring, and problem-solving per OTPF-4. Daily operation via voice is low demand, but advanced settings and connectivity troubleshooting tax working memory and adapting to errors (notices/responds, adjusts, benefits), which can challenge older adults. Uncertainty: cognitive load drops substantially if a caregiver completes installation or the user relies only on basic voice control. | Setup requires account creation, Wi‑Fi pairing, and possible wiring/compatibility checks, placing high demands on sequencing, organizing, searches/locates, and problem-solving/new learning; app navigation for advanced settings increases choosing/using complexity. Daily operation via voice or minimal on‑device controls lowers attending and sequencing demands if the user can remember command phrases, but network issues or re‑pairing elevate noticing/responding and adjusting requirements. Uncertainty: the level of in‑app guidance and error prompts is not specified, and professional installation could reduce initial setup load."
openai_gpt5,openai,gpt-5,up_cot,1,physical,3.3333333333333335,"Daily operation is mostly voice/app-based with minimal tactile ring use, so reaching, gripping, and manipulating demands are low; users primarily tap a phone or speak, requiring limited stabilizing/positioning. Initial install can involve wall-unit wiring and tool use, requiring fine motor coordination, pinch/grip strength, reaching at shoulder height, and sustained stabilizing, which may challenge users with arthritis, tremor, or limited shoulder ROM. Maintenance/troubleshooting are usually app-based with occasional battery changes or unit resets (fine motor), but it is uncertain if professional installation is assumed or which model’s battery is used, so setup burden may vary. | Setup can involve wall mounting and wiring with small screws/terminals at wall height, requiring reaching, stabilizing, fine pinch/grip, and bimanual coordination—challenging for older adults with arthritis, reduced strength, or balance. Daily use is low-physical via voice/app with minimal on-device manipulation; maintenance is occasional faceplate removal/battery change and simple resets, requiring brief fine motor control. Overall moderate physical demand driven by potential self-installation; if professionally installed, ongoing demand would be very low, so there is some uncertainty based on who performs setup. | Setup can be physically demanding: installation with wiring requires fine motor control (gripping, pinching, manipulating small screws/wires), reaching and positioning at the wall, and stabilizing the device—tasks that may challenge older adults with arthritis or limited UE strength. Daily operation is low demand because voice and app control with minimal tactile controls reduce the need to reach, press, or coordinate hand movements. Maintenance/troubleshooting demands are not specified and may involve accessing the device or wiring; due to this uncertainty, overall physical load is rated conservatively."
openai_gpt5,openai,gpt-5,up_cot,2,cognitive,2.6666666666666665,"Bridge setup, app onboarding, and account/voice-assistant linking require sustained attending, sequencing and organizing, and navigating multi-screen menus; creating scenes/automations adds abstraction and new learning. Daily use can be low demand via physical switches or established voice commands, but connectivity/account issues (bridge/Wi‑Fi, re-pairing) increase problem-solving, inquiring, and adapting-to-errors. UI details and available support are unspecified, so difficulty may vary for older adults with memory or executive-function changes. | Initial setup requires installing a Bridge, completing app onboarding, creating/logging into accounts, and optional voice-assistant linking, taxing sequencing, organizing, attending, and navigating skills. Setting scenes/automations demands understanding app logic, choosing, and working memory; any pairing/connectivity faults would add problem solving and adapting to errors. While basic on/off via existing wall switches is easy in daily use, maintenance/troubleshooting steps (e.g., firmware/network recovery) are not fully specified, so true load is somewhat uncertain. | Bridge setup plus mobile app onboarding, account/voice-assistant linking, and scene/automation creation require attending, sequencing, organizing, navigating interfaces, and learning new concepts. Troubleshooting connectivity (Wi‑Fi/bridge), firmware, and re-linking accounts taxes problem solving and adapting to errors and can strain working memory in older adults. Physical switches lower daily-use demands, but overall cognitive load remains high across setup/maintenance; exact app flow and step counts are not provided, adding some uncertainty."
openai_gpt5,openai,gpt-5,up_cot,2,physical,4.0,"Initial setup likely involves replacing bulbs and positioning the bridge near the router, requiring OTPF-4 motor skills of reaching (overhead), bending, gripping, and manipulating—potentially difficult for users with arthritis or limited shoulder ROM. Daily use can default to existing physical switches or voice assistant, minimizing reach/grip and coordination demands; app taps add only light fine-motor manipulation. Troubleshooting/maintenance appears infrequent and mostly cognitive; physical demand may increase if accessing high fixtures is needed—some uncertainty given limited device-specific detail. | Setup requires screwing bulbs into sockets and plugging the Hue Bridge into power/router (overhead reaching, bending, gripping, manipulating, stabilizing), and occasionally pressing the bridge button or power-cycling cables for troubleshooting. Daily use is low effort because existing wall switches still work and voice/app control minimizes fine motor and coordination demands. Uncertainty: fixture height and router/cable access vary, so setup/maintenance may pose greater reaching/coordination challenges for some older adults than typical daily operation. | Setup requires screwing in bulbs and connecting the Bridge to router/power (reaching, bending, gripping, rotating, and fine manipulating/coordination), and troubleshooting may involve pressing small reset buttons or accessing cables. Daily operation can rely on existing wall switches or voice (minimal stabilizing/grip), with occasional app taps needing light precision but little strength; bulb replacement is infrequent. Physical demand could rise if light fixtures are overhead or the router is hard to reach—this placement variability is uncertain."
openai_gpt5,openai,gpt-5,up_cot,3,cognitive,3.0,"Setup requires learning the app, configuring auto‑lock/notification options, and generating/sharing temporary keypad passcodes—placing demands on organizing, sequencing, choosing, and navigating skills (OTPF-4 process skills). Daily use via keypad or app is simpler (attending and brief sequencing), but resolving wrong codes or setting errors still requires problem-solving and adapting. Due to limited detail on the exact app flow and troubleshooting steps, there is some uncertainty, but for many older adults the overall cognitive load appears moderate. | Setup requires sequencing and organizing multiple choices in the app (auto-lock, notifications, temporary guest passcodes), creating notable decision load and new learning. Daily use is simpler (keypad or app) but still relies on attending and remembering codes, navigating the app to manage guests, and noticing/responding to notifications; adjusting settings if errors occur requires problem-solving and accommodating. Troubleshooting specifics are unclear, so actual complexity may be higher. | Setup requires app and keypad configuration, creating/assigning temporary passcodes, and choosing notification/auto-lock options—elevating OTPF-4 process skills of sequencing, organizing, selecting, and navigating. Daily use is simpler (keypad PIN or auto-lock), lowering demands on attending and working memory, but periodic code management or settings changes still call for problem solving and adapting to errors—potentially taxing for older adults with limited digital literacy. Troubleshooting/maintenance (e.g., connectivity, updates, battery prompts) are not described, so overall demand is rated moderate with some uncertainty."
openai_gpt5,openai,gpt-5,up_cot,3,physical,3.6666666666666665,"Setup is described as “moderate” and may require screwdriver use, taxing OTPF-4 motor skills of stabilizing and positioning the lock on the door, reaching to door height, and gripping/manipulating screws with forearm rotation—often difficult for older adults with reduced hand strength or arthritis. Daily use via keypad/app entails brief pressing/tapping with minimal reach and force (manipulates, coordinates), while maintenance/troubleshooting demands are not specified, creating uncertainty that could raise physical load if on-device resets or battery access are needed. | Installation is described as moderate and may require screwdriver use, demanding OTPF-4 motor skills of stabilizing, positioning, reaching at door height, and fine manipulation/grip—potentially taxing for users with arthritis or tremor. Daily use via keypad or app is brief pressing/tapping with minimal coordinating and manipulating demands. Maintenance (e.g., battery changes) isn’t specified; this uncertainty could add minor fine-motor/grip tasks. | Installation is described as moderate and may require screwdriver use, taxing OTPF-4 motor skills of stabilizing/aligning door hardware, positioning, gripping, manipulating small screws, and bilateral coordination with sustained reach. Daily use via keypad/app and auto-lock primarily involves simple reaching and pressing with minimal strength, keeping ongoing physical demand low. Maintenance/troubleshooting steps are not specified; if small-part handling (e.g., covers/batteries) is needed, fine motor demands could add minor burden, so there is some uncertainty."
